title,company,location,description,date_posted,scraped_at
Senior Python Developer,"Payne, Roberts and Davis","Stewartbury, AA","Stewartbury, AA2021-04-08",2021-04-08,2025-05-30 19:03:49
Energy engineer,Vasquez-Davidson,"Christopherville, AA","Christopherville, AA2021-04-08",2021-04-08,2025-05-30 19:03:49
Legal executive,"Jackson, Chambers and Levy","Port Ericaburgh, AA","Port Ericaburgh, AA2021-04-08",2021-04-08,2025-05-30 19:03:49
Fitness centre manager,Savage-Bradley,"East Seanview, AP","East Seanview, AP2021-04-08",2021-04-08,2025-05-30 19:03:49
Product manager,Ramirez Inc,"North Jamieview, AP","North Jamieview, AP2021-04-08",2021-04-08,2025-05-30 19:03:49
Medical technical officer,Rogers-Yates,"Davidville, AP","Davidville, AP2021-04-08",2021-04-08,2025-05-30 19:03:49
Physiological scientist,Kramer-Klein,"South Christopher, AE","South Christopher, AE2021-04-08",2021-04-08,2025-05-30 19:03:49
Textile designer,Meyers-Johnson,"Port Jonathan, AE","Port Jonathan, AE2021-04-08",2021-04-08,2025-05-30 19:03:49
Television floor manager,Hughes-Williams,"Osbornetown, AE","Osbornetown, AE2021-04-08",2021-04-08,2025-05-30 19:03:49
Waste management officer,"Jones, Williams and Villa","Scotttown, AP","Scotttown, AP2021-04-08",2021-04-08,2025-05-30 19:03:49
Software Engineer (Python),Garcia PLC,"Ericberg, AE","Ericberg, AE2021-04-08",2021-04-08,2025-05-30 19:03:49
Interpreter,Gregory and Sons,"Ramireztown, AE","Ramireztown, AE2021-04-08",2021-04-08,2025-05-30 19:03:49
Architect,"Clark, Garcia and Sosa","Figueroaview, AA","Figueroaview, AA2021-04-08",2021-04-08,2025-05-30 19:03:49
Meteorologist,Bush PLC,"Kelseystad, AA","Kelseystad, AA2021-04-08",2021-04-08,2025-05-30 19:03:49
Audiological scientist,Salazar-Meyers,"Williamsburgh, AE","Williamsburgh, AE2021-04-08",2021-04-08,2025-05-30 19:03:49
English as a second language teacher,"Parker, Murphy and Brooks","Mitchellburgh, AE","Mitchellburgh, AE2021-04-08",2021-04-08,2025-05-30 19:03:49
Surgeon,Cruz-Brown,"West Jessicabury, AA","West Jessicabury, AA2021-04-08",2021-04-08,2025-05-30 19:03:49
Equities trader,Macdonald-Ferguson,"Maloneshire, AE","Maloneshire, AE2021-04-08",2021-04-08,2025-05-30 19:03:49
Newspaper journalist,"Williams, Peterson and Rojas","Johnsonton, AA","Johnsonton, AA2021-04-08",2021-04-08,2025-05-30 19:03:49
Materials engineer,Smith and Sons,"South Davidtown, AP","South Davidtown, AP2021-04-08",2021-04-08,2025-05-30 19:03:49
Python Programmer (Entry-Level),"Moss, Duncan and Allen","Port Sara, AE","Port Sara, AE2021-04-08",2021-04-08,2025-05-30 19:03:49
Product/process development scientist,Gomez-Carroll,"Marktown, AA","Marktown, AA2021-04-08",2021-04-08,2025-05-30 19:03:49
"Scientist, research (maths)","Manning, Welch and Herring","Laurenland, AE","Laurenland, AE2021-04-08",2021-04-08,2025-05-30 19:03:49
Ecologist,"Lee, Gutierrez and Brown","Lauraton, AP","Lauraton, AP2021-04-08",2021-04-08,2025-05-30 19:03:49
Materials engineer,"Davis, Serrano and Cook","South Tammyberg, AP","South Tammyberg, AP2021-04-08",2021-04-08,2025-05-30 19:03:49
Historic buildings inspector/conservation officer,Smith LLC,"North Brandonville, AP","North Brandonville, AP2021-04-08",2021-04-08,2025-05-30 19:03:49
Data scientist,Thomas Group,"Port Robertfurt, AA","Port Robertfurt, AA2021-04-08",2021-04-08,2025-05-30 19:03:49
Psychiatrist,Silva-King,"Burnettbury, AE","Burnettbury, AE2021-04-08",2021-04-08,2025-05-30 19:03:49
Structural engineer,Pierce-Long,"Herbertside, AA","Herbertside, AA2021-04-08",2021-04-08,2025-05-30 19:03:49
Immigration officer,Walker-Simpson,"Christopherport, AP","Christopherport, AP2021-04-08",2021-04-08,2025-05-30 19:03:49
Python Programmer (Entry-Level),Cooper and Sons,"West Victor, AE","West Victor, AE2021-04-08",2021-04-08,2025-05-30 19:03:49
Neurosurgeon,"Donovan, Gonzalez and Figueroa","Port Aaron, AP","Port Aaron, AP2021-04-08",2021-04-08,2025-05-30 19:03:49
Broadcast engineer,"Morgan, Butler and Bennett","Loribury, AA","Loribury, AA2021-04-08",2021-04-08,2025-05-30 19:03:49
Make,Snyder-Lee,"Angelastad, AP","Angelastad, AP2021-04-08",2021-04-08,2025-05-30 19:03:49
"Nurse, adult",Harris PLC,"Larrytown, AE","Larrytown, AE2021-04-08",2021-04-08,2025-05-30 19:03:49
Air broker,Washington PLC,"West Colin, AP","West Colin, AP2021-04-08",2021-04-08,2025-05-30 19:03:49
"Editor, film/video","Brown, Price and Campbell","West Stephanie, AP","West Stephanie, AP2021-04-08",2021-04-08,2025-05-30 19:03:49
"Production assistant, radio",Mcgee PLC,"Laurentown, AP","Laurentown, AP2021-04-08",2021-04-08,2025-05-30 19:03:49
"Engineer, communications",Dixon Inc,"Wrightberg, AP","Wrightberg, AP2021-04-08",2021-04-08,2025-05-30 19:03:49
Sales executive,"Thompson, Sheppard and Ward","Alberttown, AE","Alberttown, AE2021-04-08",2021-04-08,2025-05-30 19:03:49
Software Developer (Python),Adams-Brewer,"Brockburgh, AE","Brockburgh, AE2021-04-08",2021-04-08,2025-05-30 19:03:49
Futures trader,Schneider-Brady,"North Jason, AE","North Jason, AE2021-04-08",2021-04-08,2025-05-30 19:03:49
Tour manager,Gonzales-Frank,"Arnoldhaven, AE","Arnoldhaven, AE2021-04-08",2021-04-08,2025-05-30 19:03:49
Cytogeneticist,Smith-Wong,"Lake Destiny, AP","Lake Destiny, AP2021-04-08",2021-04-08,2025-05-30 19:03:49
"Designer, multimedia",Pierce-Herrera,"South Timothyburgh, AP","South Timothyburgh, AP2021-04-08",2021-04-08,2025-05-30 19:03:49
Trade union research officer,"Aguilar, Rivera and Quinn","New Jimmyton, AE","New Jimmyton, AE2021-04-08",2021-04-08,2025-05-30 19:03:49
"Chemist, analytical","Lowe, Barnes and Thomas","New Lucasbury, AP","New Lucasbury, AP2021-04-08",2021-04-08,2025-05-30 19:03:49
"Programmer, multimedia","Lewis, Gonzalez and Vasquez","Port Cory, AE","Port Cory, AE2021-04-08",2021-04-08,2025-05-30 19:03:49
"Engineer, broadcasting (operations)",Taylor PLC,"Gileston, AA","Gileston, AA2021-04-08",2021-04-08,2025-05-30 19:03:49
"Teacher, primary school","Oliver, Jones and Ramirez","Cindyshire, AA","Cindyshire, AA2021-04-08",2021-04-08,2025-05-30 19:03:49
Python Developer,Rivera and Sons,"East Michaelfort, AA","East Michaelfort, AA2021-04-08",2021-04-08,2025-05-30 19:03:49
Manufacturing systems engineer,Garcia PLC,"Joybury, AE","Joybury, AE2021-04-08",2021-04-08,2025-05-30 19:03:49
"Producer, television/film/video","Johnson, Wells and Kramer","Emmatown, AE","Emmatown, AE2021-04-08",2021-04-08,2025-05-30 19:03:49
"Scientist, forensic",Gonzalez LLC,"Colehaven, AP","Colehaven, AP2021-04-08",2021-04-08,2025-05-30 19:03:49
Bonds trader,"Morgan, White and Macdonald","Port Coryton, AE","Port Coryton, AE2021-04-08",2021-04-08,2025-05-30 19:03:49
Editorial assistant,Robinson-Fitzpatrick,"Amyborough, AA","Amyborough, AA2021-04-08",2021-04-08,2025-05-30 19:03:49
Photographer,"Waters, Wilson and Hoover","Reynoldsville, AA","Reynoldsville, AA2021-04-08",2021-04-08,2025-05-30 19:03:49
Retail banker,Hill LLC,"Port Billy, AP","Port Billy, AP2021-04-08",2021-04-08,2025-05-30 19:03:49
Jewellery designer,Li-Gregory,"Adamburgh, AA","Adamburgh, AA2021-04-08",2021-04-08,2025-05-30 19:03:49
Ophthalmologist,"Fisher, Ryan and Coleman","Wilsonmouth, AA","Wilsonmouth, AA2021-04-08",2021-04-08,2025-05-30 19:03:49
"Back-End Web Developer (Python, Django)",Stewart-Alexander,"South Kimberly, AA","South Kimberly, AA2021-04-08",2021-04-08,2025-05-30 19:03:49
Licensed conveyancer,Abbott and Sons,"Benjaminland, AP","Benjaminland, AP2021-04-08",2021-04-08,2025-05-30 19:03:49
Futures trader,"Bryant, Santana and Davenport","Zacharyport, AA","Zacharyport, AA2021-04-08",2021-04-08,2025-05-30 19:03:49
Counselling psychologist,Smith PLC,"Port Devonville, AE","Port Devonville, AE2021-04-08",2021-04-08,2025-05-30 19:03:49
Insurance underwriter,Patterson-Singh,"East Thomas, AE","East Thomas, AE2021-04-08",2021-04-08,2025-05-30 19:03:49
"Engineer, automotive",Martinez-Berry,"New Jeffrey, AP","New Jeffrey, AP2021-04-08",2021-04-08,2025-05-30 19:03:49
"Producer, radio","May, Taylor and Fisher","Davidside, AA","Davidside, AA2021-04-08",2021-04-08,2025-05-30 19:03:49
Dispensing optician,"Bailey, Owen and Thompson","Jamesville, AA","Jamesville, AA2021-04-08",2021-04-08,2025-05-30 19:03:49
"Designer, fashion/clothing",Vasquez Ltd,"New Kelly, AP","New Kelly, AP2021-04-08",2021-04-08,2025-05-30 19:03:49
Chartered loss adjuster,Leblanc LLC,"Lake Antonio, AA","Lake Antonio, AA2021-04-08",2021-04-08,2025-05-30 19:03:49
"Back-End Web Developer (Python, Django)","Jackson, Ali and Mckee","New Elizabethside, AA","New Elizabethside, AA2021-04-08",2021-04-08,2025-05-30 19:03:49
Forest/woodland manager,"Blankenship, Knight and Powell","Millsbury, AE","Millsbury, AE2021-04-08",2021-04-08,2025-05-30 19:03:49
Clinical cytogeneticist,"Patton, Haynes and Jones","Lloydton, AP","Lloydton, AP2021-04-08",2021-04-08,2025-05-30 19:03:49
Print production planner,Wood Inc,"Port Jeremy, AA","Port Jeremy, AA2021-04-08",2021-04-08,2025-05-30 19:03:49
Systems developer,Collins Group,"New Elizabethtown, AA","New Elizabethtown, AA2021-04-08",2021-04-08,2025-05-30 19:03:49
Graphic designer,Flores-Nelson,"Charlesstad, AE","Charlesstad, AE2021-04-08",2021-04-08,2025-05-30 19:03:49
Writer,"Mitchell, Jones and Olson","Josephbury, AE","Josephbury, AE2021-04-08",2021-04-08,2025-05-30 19:03:49
Field seismologist,Howard Group,"Seanfurt, AA","Seanfurt, AA2021-04-08",2021-04-08,2025-05-30 19:03:49
Chief Strategy Officer,Kramer-Edwards,"Williambury, AA","Williambury, AA2021-04-08",2021-04-08,2025-05-30 19:03:49
Air cabin crew,Berry-Houston,"South Jorgeside, AP","South Jorgeside, AP2021-04-08",2021-04-08,2025-05-30 19:03:49
Python Programmer (Entry-Level),Mathews Inc,"Robertborough, AP","Robertborough, AP2021-04-08",2021-04-08,2025-05-30 19:03:49
Warden/ranger,Riley-Johnson,"South Saratown, AP","South Saratown, AP2021-04-08",2021-04-08,2025-05-30 19:03:49
Sports therapist,Spencer and Sons,"Hullview, AA","Hullview, AA2021-04-08",2021-04-08,2025-05-30 19:03:49
Arts development officer,Camacho-Sanchez,"Philipland, AP","Philipland, AP2021-04-08",2021-04-08,2025-05-30 19:03:49
Printmaker,Oliver and Sons,"North Patty, AE","North Patty, AE2021-04-08",2021-04-08,2025-05-30 19:03:49
Health and safety adviser,Eaton PLC,"North Stephen, AE","North Stephen, AE2021-04-08",2021-04-08,2025-05-30 19:03:49
Manufacturing systems engineer,Stanley-Frederick,"Stevensland, AP","Stevensland, AP2021-04-08",2021-04-08,2025-05-30 19:03:49
"Programmer, applications",Bradley LLC,"Reyesstad, AE","Reyesstad, AE2021-04-08",2021-04-08,2025-05-30 19:03:49
Medical physicist,"Parker, Goodwin and Zavala","Bellberg, AP","Bellberg, AP2021-04-08",2021-04-08,2025-05-30 19:03:49
Media planner,Kim-Miles,"North Johnland, AE","North Johnland, AE2021-04-08",2021-04-08,2025-05-30 19:03:49
Software Developer (Python),Moreno-Rodriguez,"Martinezburgh, AE","Martinezburgh, AE2021-04-08",2021-04-08,2025-05-30 19:03:49
"Surveyor, land/geomatics",Brown-Ortiz,"Joshuatown, AE","Joshuatown, AE2021-04-08",2021-04-08,2025-05-30 19:03:49
Legal executive,Hartman PLC,"West Ericstad, AA","West Ericstad, AA2021-04-08",2021-04-08,2025-05-30 19:03:49
"Librarian, academic",Brooks Inc,"Tuckertown, AE","Tuckertown, AE2021-04-08",2021-04-08,2025-05-30 19:03:49
Barrister,Washington-Castillo,"Perezton, AE","Perezton, AE2021-04-08",2021-04-08,2025-05-30 19:03:49
Museum/gallery exhibitions officer,"Nguyen, Yoder and Petty","Lake Abigail, AE","Lake Abigail, AE2021-04-08",2021-04-08,2025-05-30 19:03:49
"Radiographer, diagnostic",Holder LLC,"Jacobshire, AP","Jacobshire, AP2021-04-08",2021-04-08,2025-05-30 19:03:49
Database administrator,Yates-Ferguson,"Port Susan, AE","Port Susan, AE2021-04-08",2021-04-08,2025-05-30 19:03:49
Furniture designer,Ortega-Lawrence,"North Tiffany, AA","North Tiffany, AA2021-04-08",2021-04-08,2025-05-30 19:03:49
Ship broker,"Fuentes, Walls and Castro","Michelleville, AP","Michelleville, AP2021-04-08",2021-04-08,2025-05-30 19:03:49
